{
  "test_results": {
    "eval_loss": 0.2325972616672516,
    "eval_accuracy": 0.9411764705882353,
    "eval_f1": 0.8727272727272727,
    "eval_precision": 0.9230769230769231,
    "eval_recall": 0.8275862068965517,
    "eval_runtime": 0.8066,
    "eval_samples_per_second": 147.537,
    "eval_steps_per_second": 4.959,
    "epoch": 10.0
  },
  "golden_results": {
    "eval_loss": 0.022822504863142967,
    "eval_accuracy": 0.9915966386554622,
    "eval_f1": 0.9827586206896551,
    "eval_precision": 0.9827586206896551,
    "eval_recall": 0.9827586206896551,
    "eval_runtime": 1.5835,
    "eval_samples_per_second": 150.302,
    "eval_steps_per_second": 5.052,
    "epoch": 10.0
  },
  "confusion_matrix": [
    [
      179,
      1
    ],
    [
      1,
      57
    ]
  ],
  "golden_accuracy": 0.9915966386554622,
  "satoshi_accuracy": 0.9827586206896551,
  "non_satoshi_accuracy": 0.9944444444444445,
  "satoshi_prob_mean": 0.9768686649100534,
  "non_satoshi_prob_mean": 0.005713775384248028
}